{"mean":{"confidence_interval":{"confidence_level":0.95,"lower_bound":512.032721067262,"upper_bound":512.1773911773657},"point_estimate":512.1034355238485,"standard_error":0.03688054447639512},"median":{"confidence_interval":{"confidence_level":0.95,"lower_bound":511.97680005618827,"upper_bound":512.1757735490276},"point_estimate":512.0616267785499,"standard_error":0.050319239116772586},"median_abs_dev":{"confidence_interval":{"confidence_level":0.95,"lower_bound":0.24324430821455606,"upper_bound":0.4013018874741572},"point_estimate":0.30672799154454383,"standard_error":0.040223768758646465},"slope":{"confidence_interval":{"confidence_level":0.95,"lower_bound":512.0660448721883,"upper_bound":512.1990186152898},"point_estimate":512.1315209236021,"standard_error":0.03387584534843598},"std_dev":{"confidence_interval":{"confidence_level":0.95,"lower_bound":0.2964071259022063,"upper_bound":0.44604067877624104},"point_estimate":0.37002190553746817,"standard_error":0.03892033270160668}}