{"mean":{"confidence_interval":{"confidence_level":0.95,"lower_bound":9.377169453323154,"upper_bound":9.39010134937403},"point_estimate":9.38296561676364,"standard_error":0.003299249794650154},"median":{"confidence_interval":{"confidence_level":0.95,"lower_bound":9.375703094256632,"upper_bound":9.380806400341605},"point_estimate":9.378049532665939,"standard_error":0.0014182679219028587},"median_abs_dev":{"confidence_interval":{"confidence_level":0.95,"lower_bound":0.008124509985285388,"upper_bound":0.013816127657455688},"point_estimate":0.011084867875323241,"standard_error":0.0014215378438364324},"slope":{"confidence_interval":{"confidence_level":0.95,"lower_bound":9.375819046775218,"upper_bound":9.394966736513629},"point_estimate":9.38446412727246,"standard_error":0.004899201969382222},"std_dev":{"confidence_interval":{"confidence_level":0.95,"lower_bound":0.0186684866772802,"upper_bound":0.044251662494989054},"point_estimate":0.03292945800389033,"standard_error":0.00653003115669494}}