{"mean":{"confidence_interval":{"confidence_level":0.95,"lower_bound":910.9560587717285,"upper_bound":911.34792647609},"point_estimate":911.1478493785967,"standard_error":0.09979090377316402},"median":{"confidence_interval":{"confidence_level":0.95,"lower_bound":910.7917592768993,"upper_bound":911.3315348756906},"point_estimate":911.0062586753168,"standard_error":0.12816068666089003},"median_abs_dev":{"confidence_interval":{"confidence_level":0.95,"lower_bound":0.8317611679972416,"upper_bound":1.2097743391819762},"point_estimate":1.0454803564508468,"standard_error":0.09560734884974721},"slope":{"confidence_interval":{"confidence_level":0.95,"lower_bound":910.9964277885128,"upper_bound":911.3402633022058},"point_estimate":911.1647715990367,"standard_error":0.08744472494947973},"std_dev":{"confidence_interval":{"confidence_level":0.95,"lower_bound":0.8027384842259951,"upper_bound":1.2027646662614686},"point_estimate":1.0053194382999018,"standard_error":0.10358631082387668}}