{"mean":{"confidence_interval":{"confidence_level":0.95,"lower_bound":4540.042092457222,"upper_bound":4540.292999509736},"point_estimate":4540.1780757505485,"standard_error":0.0642742419921757},"median":{"confidence_interval":{"confidence_level":0.95,"lower_bound":4540.268935658266,"upper_bound":4540.303775904375},"point_estimate":4540.290701052375,"standard_error":0.0101419954643855},"median_abs_dev":{"confidence_interval":{"confidence_level":0.95,"lower_bound":0.07728284909355629,"upper_bound":0.14341353028760032},"point_estimate":0.11561559427802832,"standard_error":0.015752627720044345},"slope":{"confidence_interval":{"confidence_level":0.95,"lower_bound":4540.259391189623,"upper_bound":4540.314921330938},"point_estimate":4540.285834642755,"standard_error":0.014083959589778176},"std_dev":{"confidence_interval":{"confidence_level":0.95,"lower_bound":0.34774040784054766,"upper_bound":0.8812843643720325},"point_estimate":0.6493970190879935,"standard_error":0.1374146566613869}}