{"mean":{"confidence_interval":{"confidence_level":0.95,"lower_bound":66.14788486808976,"upper_bound":66.67428408577126},"point_estimate":66.4091514572106,"standard_error":0.13467085297870093},"median":{"confidence_interval":{"confidence_level":0.95,"lower_bound":66.27117427505024,"upper_bound":66.82257577884948},"point_estimate":66.57526853878123,"standard_error":0.13555545602251917},"median_abs_dev":{"confidence_interval":{"confidence_level":0.95,"lower_bound":0.8946872924934574,"upper_bound":1.6048967839785373},"point_estimate":1.2696196708090601,"standard_error":0.17979089432213616},"slope":{"confidence_interval":{"confidence_level":0.95,"lower_bound":66.15803167101194,"upper_bound":66.66259127297032},"point_estimate":66.41045897632767,"standard_error":0.1282119525826211},"std_dev":{"confidence_interval":{"confidence_level":0.95,"lower_bound":1.154528579642805,"upper_bound":1.5316264471621788},"point_estimate":1.355380579361194,"standard_error":0.09756964027402747}}